Dataset,F1_measure,Accuracy
HDFS,0.978727,0.808500
Hadoop,0.782490,0.451000
Spark,0.491970,0.356500
Zookeeper,0.923936,0.723500
BGL,0.956032,0.587000
HPC,0.993748,0.910500
Thunderbird,0.993876,0.554000
Windows,0.913735,0.694000
Linux,0.476232,0.139500
Android,0.975978,0.813500
HealthApp,0.587935,0.266500
Apache,0.637665,0.312500
Proxifier,0.779397,0.503500
OpenSSH,0.978645,0.610500
OpenStack,0.994247,0.815500
Mac,0.892896,0.568000
